                  epoch,         train/box_loss,         train/cls_loss,         train/dfl_loss,   metrics/precision(B),      metrics/recall(B),       metrics/mAP50(B),    metrics/mAP50-95(B),           val/box_loss,           val/cls_loss,           val/dfl_loss,                 lr/pg0,                 lr/pg1,                 lr/pg2
                      1,                 2.0501,                 2.3937,                 1.4187,                0.82272,                0.85413,                0.82631,                0.36243,                 1.8025,                 1.2687,                 1.3535,              0.0002375,              0.0002375,              0.0002375
                      2,                 1.7957,                0.99872,                 1.2519,                0.82207,                0.90314,                0.81199,                0.37735,                 1.7979,                 1.0397,                 1.3672,             0.00039098,             0.00039098,             0.00039098
                      3,                 1.7325,                0.81129,                 1.2113,                0.86358,                0.92433,                  0.847,                0.40321,                 1.7573,                0.79334,                 1.3512,             0.00044545,             0.00044545,             0.00044545
                      4,                 1.7561,                0.79779,                  1.229,                0.90829,                0.91545,                0.87712,                 0.3989,                 1.8011,                0.71867,                 1.3353,             0.00040093,             0.00040093,             0.00040093
                      5,                 1.7115,                0.75291,                 1.1991,                0.91483,                0.92761,                0.88243,                0.42218,                 1.7394,                 0.6365,                 1.3096,              0.0002574,              0.0002574,              0.0002574
